entry,size,name,n_callers,n_callees,decompiled
00010024,16,FUN_00010024,1,0,ok
00010034,141,FUN_00010034,1,3,ok
000100c4,24,FUN_000100c4,1,1,ok
000100dc,94,FUN_000100dc,2,1,ok
0001013c,379,FUN_0001013c,1,9,ok
000102b8,599,FUN_000102b8,11,3,ok
00010510,95,FUN_00010510,1,1,ok
00010570,146,FUN_00010570,1,3,ok
00010610,103,FUN_00010610,1,4,ok
00010678,9,FUN_00010678,11,0,ok
00010684,62,FUN_00010684,3,2,ok
000106e1,60,FUN_000106e1,5,2,ok
0001071d,46,FUN_0001071d,26,2,ok
0001074b,164,FUN_0001074b,2,2,ok
000107ef,65,FUN_000107ef,10,1,ok
00010830,184,FUN_00010830,10,1,ok
000108e8,184,FUN_000108e8,5,1,ok
000109a0,42,FUN_000109a0,36,1,ok
000109ca,42,FUN_000109ca,29,1,ok
000109f4,116,FUN_000109f4,3,3,ok
00010a68,260,FUN_00010a68,2,6,ok
00010b70,192,FUN_00010b70,1,2,ok
00010c30,219,FUN_00010c30,1,6,ok
00010d0c,40,FUN_00010d0c,3,2,ok
00010d34,47,FUN_00010d34,5,2,ok
00010d70,59,FUN_00010d70,7,0,ok
00010db0,104,FUN_00010db0,12,2,ok
00010e18,104,FUN_00010e18,12,2,ok
00010e80,98,FUN_00010e80,1,4,ok
00010ee4,66,FUN_00010ee4,1,3,ok
00010f28,128,FUN_00010f28,1,2,ok
00011000,1380,FUN_00011000,1,16,ok
00011578,1207,FUN_00011578,1,6,ok
00011a8c,317,FUN_00011a8c,1,10,ok
00011bcc,41,FUN_00011bcc,1,2,ok
00011d04,546,FUN_00011d04,1,20,ok
00011f28,47,FUN_00011f28,4,2,ok
00011f6c,562,FUN_00011f6c,1,12,ok
000121a0,738,FUN_000121a0,1,13,ok
00012484,468,FUN_00012484,1,8,ok
00012658,198,FUN_00012658,1,4,ok
00012750,77,FUN_00012750,1,1,ok
0001282c,166,FUN_0001282c,4,2,ok
000128d4,265,FUN_000128d4,1,3,ok
000129fc,443,FUN_000129fc,1,2,ok
00012bb8,181,FUN_00012bb8,4,5,ok
00012c70,10,FUN_00012c70,1,0,ok
00012c7c,85,FUN_00012c7c,1,0,ok
00012cd4,93,FUN_00012cd4,1,0,ok
00012d48,93,FUN_00012d48,2,4,ok
00012da8,72,FUN_00012da8,15,1,ok
00012df0,74,FUN_00012df0,1,0,ok
00012e3c,409,FUN_00012e3c,1,2,ok
00012fd8,346,FUN_00012fd8,2,1,ok
00013134,71,FUN_00013134,1,0,ok
0001317c,122,FUN_0001317c,1,2,ok
00013244,8,FUN_00013244,2,0,ok
0001324c,67,FUN_0001324c,1,0,ok
00013290,169,FUN_00013290,1,0,ok
0001333c,134,FUN_0001333c,1,0,ok
00013420,133,FUN_00013420,1,4,ok
000134c0,1564,FUN_000134c0,1,3,ok
00013adc,96,FUN_00013adc,3,1,ok
00013b3c,308,FUN_00013b3c,0,3,ok
00013c70,219,FUN_00013c70,8,3,ok
00013d4c,164,FUN_00013d4c,2,3,ok
00013df0,53,FUN_00013df0,4,1,ok
00013e28,200,FUN_00013e28,1,3,ok
00013ef0,118,FUN_00013ef0,1,1,ok
00013f68,236,FUN_00013f68,2,1,ok
00014080,97,FUN_00014080,1,0,ok
000140e4,388,FUN_000140e4,3,2,ok
00014268,190,FUN_00014268,1,1,ok
00014328,610,FUN_00014328,2,2,ok
00014590,60,FUN_00014590,5,1,ok
0001461c,210,FUN_0001461c,0,5,ok
000146f0,291,FUN_000146f0,1,9,ok
00014988,210,FUN_00014988,0,5,ok
00014a5c,308,FUN_00014a5c,1,9,ok
00014b90,261,FUN_00014b90,0,8,ok
00015b90,159,FUN_00015b90,1,2,ok
00015c30,654,FUN_00015c30,4,2,ok
00015ec0,104,FUN_00015ec0,2,0,ok
00015f48,97,FUN_00015f48,4,1,ok
00015fd4,423,FUN_00015fd4,2,0,ok
0001617c,396,FUN_0001617c,2,0,ok
00016308,19,FUN_00016308,1,2,ok
0001631c,109,FUN_0001631c,2,3,ok
0001638c,65,FUN_0001638c,2,0,ok
000164c0,40,FUN_000164c0,2,0,ok
000164e8,12,FUN_000164e8,2,0,ok
000164f4,547,FUN_000164f4,1,3,ok
00016734,966,FUN_00016734,1,1,ok
00016afc,601,FUN_00016afc,1,4,ok
00016d58,73,FUN_00016d58,22,0,ok
00016da4,729,FUN_00016da4,3,4,ok
000170a0,1248,FUN_000170a0,2,8,ok
00017580,330,FUN_00017580,7,2,ok
000176cc,574,FUN_000176cc,2,7,ok
0001790c,699,FUN_0001790c,4,8,ok
00017bc8,231,FUN_00017bc8,1,5,ok
00017cb0,125,FUN_00017cb0,1,3,ok
00017d30,413,FUN_00017d30,5,2,ok
00017eec,107,FUN_00017eec,9,0,ok
00017fa0,557,FUN_00017fa0,40,5,ok
000181d0,219,FUN_000181d0,10,0,ok
00018350,185,FUN_00018350,3,1,ok
00018428,27,FUN_00018428,1,0,ok
00018460,193,FUN_00018460,1,1,ok
00018540,229,FUN_00018540,3,1,ok
000186c4,12,FUN_000186c4,2,1,ok
000186d0,223,FUN_000186d0,21,2,ok
00018714,116,FUN_00018714,7,2,ok
00018788,116,FUN_00018788,1,2,ok
000187fc,29,FUN_000187fc,18,1,ok
0001881c,29,FUN_0001881c,3,1,ok
0001883c,109,FUN_0001883c,8,3,ok
000188ac,46,FUN_000188ac,19,1,ok
000188dc,45,FUN_000188dc,21,1,ok
0001890c,65,FUN_0001890c,6,1,ok
00018950,152,FUN_00018950,2,0,ok
000189fc,78,FUN_000189fc,5,2,ok
00018a4c,98,FUN_00018a4c,2,3,ok
00018af8,12,FUN_00018af8,1,1,ok
00018b04,134,FUN_00018b04,19,2,ok
00018b44,129,FUN_00018b44,9,1,ok
00018bd4,64,FUN_00018bd4,1,0,ok
00018c14,1035,FUN_00018c14,1,7,ok
00019020,70,FUN_00019020,1,0,ok
00019068,250,FUN_00019068,12,3,ok
00019164,198,FUN_00019164,1,1,ok
0001922c,147,FUN_0001922c,9,1,ok
000192dc,212,FUN_000192dc,1,2,ok
000193b0,475,FUN_000193b0,1,13,ok
0001958c,464,FUN_0001958c,7,6,ok
0001975c,186,FUN_0001975c,5,9,ok
00019820,168,FUN_00019820,1,1,ok
00019958,380,FUN_00019958,1,2,ok
0001a570,57,FUN_0001a570,42,0,ok
0001a5ac,39,FUN_0001a5ac,1,1,ok
0001a5d4,107,FUN_0001a5d4,5,0,ok
0001a640,107,FUN_0001a640,4,0,ok
0001a6ac,134,FUN_0001a6ac,2,3,ok
0001a734,151,FUN_0001a734,1,3,ok
0001a7cc,296,FUN_0001a7cc,1,4,ok
0001a8f4,129,FUN_0001a8f4,1,2,ok
0001a978,408,FUN_0001a978,1,5,ok
0001ab10,74,FUN_0001ab10,2,1,ok
0001ab5c,302,FUN_0001ab5c,1,5,ok
0001aca8,70,FUN_0001aca8,1,1,ok
0001acf0,63,FUN_0001acf0,1,2,ok
0001ad30,52,FUN_0001ad30,1,1,ok
0001ad64,72,FUN_0001ad64,2,1,ok
0001adac,55,FUN_0001adac,3,1,ok
0001ade4,53,FUN_0001ade4,6,1,ok
0001ae20,190,FUN_0001ae20,1,0,ok
0001aee0,132,FUN_0001aee0,1,0,ok
0001af64,103,FUN_0001af64,1,0,ok
0001afe8,153,FUN_0001afe8,1,7,ok
0001b084,147,FUN_0001b084,2,7,ok
0001b120,651,FUN_0001b120,1,8,ok
0001b3ac,277,FUN_0001b3ac,3,9,ok
0001b544,200,FUN_0001b544,30,4,ok
0001b610,141,FUN_0001b610,1,0,ok
0001b6a0,141,FUN_0001b6a0,1,0,ok
0001b730,141,FUN_0001b730,1,0,ok
0001b7c0,141,FUN_0001b7c0,1,0,ok
0001b850,30,FUN_0001b850,2,0,ok
0001b870,30,FUN_0001b870,3,0,ok
0001b890,75,FUN_0001b890,2,0,ok
0001b8dc,44,FUN_0001b8dc,1,0,ok
0001b908,44,FUN_0001b908,1,0,ok
0001bbac,581,FUN_0001bbac,1,15,ok
0001be30,147,FUN_0001be30,3,5,ok
0001bec4,542,FUN_0001bec4,1,24,ok
0001c0f0,366,FUN_0001c0f0,1,10,ok
0001c308,23,FUN_0001c308,20,1,ok
0001c320,33,FUN_0001c320,1,0,ok
0001c350,63,FUN_0001c350,1,0,ok
0001c390,16,FUN_0001c390,1,0,ok
0001c3a0,47,FUN_0001c3a0,2,0,ok
0001c3d0,42,FUN_0001c3d0,1,0,ok
0001c3fc,89,FUN_0001c3fc,2,1,ok
0001c458,21,FUN_0001c458,1,0,ok
0001c470,143,FUN_0001c470,3,1,ok
0001c500,37,FUN_0001c500,181,1,ok
0001c528,190,FUN_0001c528,1,1,ok
0001c5e8,113,FUN_0001c5e8,1,3,ok
0001c65c,119,FUN_0001c65c,1,2,ok
0001c6d4,94,FUN_0001c6d4,3,0,ok
0001c740,322,FUN_0001c740,2,12,ok
0001c884,71,FUN_0001c884,10,2,ok
0001c8cc,17,FUN_0001c8cc,21,2,ok
0001c930,228,FUN_0001c930,1,5,ok
0001ca14,44,FUN_0001ca14,2,0,ok
0001ca40,43,FUN_0001ca40,2,1,ok
0001ca6c,74,FUN_0001ca6c,11,2,ok
0001cab8,95,FUN_0001cab8,4,2,ok
0001cb18,271,FUN_0001cb18,1,8,ok
0001cc28,370,FUN_0001cc28,8,5,ok
0001cd9c,102,FUN_0001cd9c,3,3,ok
0001ce04,106,FUN_0001ce04,7,3,ok
0001ce70,76,FUN_0001ce70,5,1,ok
0001cebc,24,FUN_0001cebc,1,0,ok
0001ced4,76,FUN_0001ced4,3,2,ok
0001cf20,32,FUN_0001cf20,2,2,ok
0001cf40,215,FUN_0001cf40,1,10,ok
0001d018,161,FUN_0001d018,1,5,ok
0001d0bc,243,FUN_0001d0bc,1,3,ok
0001d1b0,111,FUN_0001d1b0,3,2,ok
0001d220,24,FUN_0001d220,1,0,ok
0001d238,9,FUN_0001d238,1,0,ok
0001d244,9,FUN_0001d244,1,0,ok
0001d250,30,FUN_0001d250,2,2,ok
0001d270,26,FUN_0001d270,3,1,ok
0001d290,44,FUN_0001d290,18,3,ok
0001d2f0,371,FUN_0001d2f0,4,1,ok
0001d464,106,FUN_0001d464,3,1,ok
0001d4d0,112,FUN_0001d4d0,1,1,ok
0001d540,521,FUN_0001d540,1,6,ok
0001d74c,21,FUN_0001d74c,1,0,ok
0001d764,82,FUN_0001d764,4,2,ok
0001d7b8,87,FUN_0001d7b8,3,2,ok
0001d810,39,FUN_0001d810,5,1,ok
0001d838,87,FUN_0001d838,6,2,ok
0001d890,375,FUN_0001d890,2,4,ok
0001da08,122,FUN_0001da08,5,1,ok
0001da84,100,FUN_0001da84,2,1,ok
0001dae8,290,FUN_0001dae8,1,3,ok
0001dc6c,391,FUN_0001dc6c,1,4,ok
0001ddf4,110,FUN_0001ddf4,10,2,ok
0001de64,1078,FUN_0001de64,1,4,ok
0001e2a0,53,FUN_0001e2a0,1,1,ok
0001e2d8,36,FUN_0001e2d8,3,1,ok
0001e30c,329,FUN_0001e30c,2,3,ok
0001e458,465,FUN_0001e458,1,3,ok
0001e62c,169,FUN_0001e62c,1,1,ok
0001e6d8,131,FUN_0001e6d8,2,0,ok
0001e75c,23,FUN_0001e75c,3,0,ok
0001e774,145,FUN_0001e774,1,1,ok
0001e808,22,FUN_0001e808,3,1,ok
0001e824,242,FUN_0001e824,1,5,ok
0001e918,61,FUN_0001e918,2,2,ok
0001e988,40,FUN_0001e988,1,1,ok
0001ea08,559,FUN_0001ea08,4,8,ok
0001ec38,141,FUN_0001ec38,6,4,ok
0001ecc8,98,FUN_0001ecc8,1,1,ok
0001ed2c,320,FUN_0001ed2c,5,5,ok
0001eeb0,1448,FUN_0001eeb0,1,9,ok
0001f458,2897,FUN_0001f458,8,10,ok
0001ffd0,1314,FUN_0001ffd0,1,5,ok
000204f4,537,FUN_000204f4,1,1,ok
00020710,336,FUN_00020710,1,5,ok
00020860,132,FUN_00020860,1,1,ok
000208f8,785,FUN_000208f8,1,11,ok
00020c10,483,FUN_00020c10,1,21,ok
00020df4,155,FUN_00020df4,4,11,ok
00020e90,38,FUN_00020e90,1,1,ok
00020ef8,167,FUN_00020ef8,2,2,ok
00021458,344,FUN_00021458,0,7,ok
000216ec,677,FUN_000216ec,0,7,ok
00021f30,87,FUN_00021f30,1,3,ok
00022b28,179,FUN_00022b28,1,4,ok
000235c4,151,FUN_000235c4,1,4,ok
0002372c,162,FUN_0002372c,1,1,ok
00024754,174,FUN_00024754,1,4,ok
000249b0,15,FUN_000249b0,33,0,ok
000249c0,16,FUN_000249c0,10,0,ok
000249d0,31,FUN_000249d0,33,0,ok
000249f0,280,FUN_000249f0,3,9,ok
00024c5c,2415,FUN_00024c5c,1,69,ok
000255cc,293,FUN_000255cc,1,15,ok
000256f4,173,FUN_000256f4,6,1,ok
000257a4,132,FUN_000257a4,10,6,ok
00025848,386,FUN_00025848,3,1,ok
00025ae8,212,FUN_00025ae8,1,6,ok
00025c1c,91,FUN_00025c1c,2,5,ok
00025c88,804,FUN_00025c88,1,12,ok
00025fdc,111,FUN_00025fdc,2,2,ok
0002604c,111,FUN_0002604c,3,2,ok
00026254,415,FUN_00026254,2,15,ok
000263f4,329,FUN_000263f4,1,12,ok
00026540,363,FUN_00026540,1,14,ok
000266ac,716,FUN_000266ac,1,13,ok
00026a50,572,FUN_00026a50,1,10,ok
00026c8c,192,FUN_00026c8c,1,9,ok
00026d4c,522,FUN_00026d4c,1,10,ok
00026f58,353,FUN_00026f58,1,11,ok
0002716c,115,FUN_0002716c,3,2,ok
000271e0,115,FUN_000271e0,1,2,ok
00027254,84,FUN_00027254,1,3,ok
000272dc,164,FUN_000272dc,1,3,ok
00027380,380,FUN_00027380,1,12,ok
000274fc,708,FUN_000274fc,1,19,ok
000277c0,239,FUN_000277c0,1,8,ok
000278b0,106,FUN_000278b0,1,3,ok
0002791c,269,FUN_0002791c,1,6,ok
00027a2c,374,FUN_00027a2c,1,12,ok
00027ba4,163,FUN_00027ba4,4,0,ok
00027c48,384,FUN_00027c48,5,4,ok
00027dc8,224,FUN_00027dc8,2,8,ok
00027ed8,206,FUN_00027ed8,3,4,ok
00027fa8,392,FUN_00027fa8,2,5,ok
00028130,404,FUN_00028130,4,3,ok
000282c4,336,FUN_000282c4,1,5,ok
00028468,436,FUN_00028468,1,12,ok
000286bc,203,FUN_000286bc,1,2,ok
00028788,1099,FUN_00028788,1,17,ok
00028bd4,100,FUN_00028bd4,1,5,ok
00028c38,93,FUN_00028c38,1,1,ok
00028cc8,158,FUN_00028cc8,2,5,ok
00028da4,244,FUN_00028da4,2,8,ok
00028e98,77,FUN_00028e98,1,1,ok
000292ac,39,FUN_000292ac,1,2,ok
000292d4,67,FUN_000292d4,1,1,ok
00029328,662,FUN_00029328,1,9,ok
00029638,128,FUN_00029638,1,4,ok
000296b8,696,FUN_000296b8,1,16,ok
00029970,119,FUN_00029970,1,2,ok
000299e8,380,FUN_000299e8,1,12,ok
00029b70,1,FUN_00029b70,4,0,ok
00029b74,81,FUN_00029b74,1,3,ok
00029bc8,32,FUN_00029bc8,6,1,ok
00029c08,22,FUN_00029c08,2,0,ok
00029c20,59,FUN_00029c20,1,0,ok
00029cbc,30,FUN_00029cbc,4,0,ok
00029cdc,30,FUN_00029cdc,8,0,ok
00029d60,1,FUN_00029d60,13,0,ok
00029db8,306,FUN_00029db8,4,0,ok
00029f34,303,FUN_00029f34,4,0,ok
0002a148,51,FUN_0002a148,1,0,ok
0002a17c,127,FUN_0002a17c,22,2,ok
0002a1fc,288,FUN_0002a1fc,2,5,ok
0002a31c,127,FUN_0002a31c,2,1,ok
0002a39c,107,FUN_0002a39c,2,1,ok
0002a408,243,FUN_0002a408,6,1,ok
0002a4fc,292,FUN_0002a4fc,2,1,ok
0002a620,83,FUN_0002a620,3,0,ok
0002a690,397,FUN_0002a690,5,1,ok
0002a820,589,FUN_0002a820,3,2,ok
0002aa70,525,FUN_0002aa70,2,4,ok
0002ac80,106,FUN_0002ac80,1,4,ok
0002ad40,212,FUN_0002ad40,6,4,ok
0002ae14,825,FUN_0002ae14,168,8,ok
0002b150,148,FUN_0002b150,63,3,ok
0002b2a0,1623,FUN_0002b2a0,3,7,ok
0002b8f8,508,FUN_0002b8f8,1,1,ok
0002baf4,316,FUN_0002baf4,33,11,ok
0002bc30,194,FUN_0002bc30,186,2,ok
0002bcf4,42,FUN_0002bcf4,14,1,ok
0002bd20,36,FUN_0002bd20,2,0,ok
0002bd44,89,FUN_0002bd44,4,2,ok
0002be00,27,FUN_0002be00,27,0,ok
0002be1c,45,FUN_0002be1c,3,0,ok
0002be4c,16,FUN_0002be4c,11,0,ok
0002be5c,151,FUN_0002be5c,3,1,ok
0002bf00,8,FUN_0002bf00,1,0,ok
0002bf08,341,FUN_0002bf08,12,6,ok
0002c060,10,FUN_0002c060,8,2,ok
0002c06c,6,FUN_0002c06c,5,0,ok
0002c074,17,FUN_0002c074,1,0,ok
0002c088,106,FUN_0002c088,5,3,ok
0002c0f4,131,FUN_0002c0f4,2,4,ok
0002c178,53,FUN_0002c178,9,1,ok
0002c1c8,39,FUN_0002c1c8,5,1,ok
0002c1d4,219,FUN_0002c1d4,1,2,ok
0002c2b0,82,FUN_0002c2b0,7,2,ok
0002c304,25,FUN_0002c304,1,1,ok
0002c320,102,FUN_0002c320,1,1,ok
0002c390,77,FUN_0002c390,1,1,ok
0002c3fc,1268,FUN_0002c3fc,206,8,ok
0002c8f0,199,FUN_0002c8f0,6,3,ok
0002c9b8,20,FUN_0002c9b8,2,1,ok
0002ca2c,26,FUN_0002ca2c,1,0,ok
0002ca48,45,FUN_0002ca48,1,0,ok
0002ca78,3,FUN_0002ca78,1,0,ok
0002ca7c,44,FUN_0002ca7c,6,0,ok
0002caa8,16,FUN_0002caa8,5,0,ok
0002cadc,150,FUN_0002cadc,1,7,ok
0002ccd0,93,FUN_0002ccd0,1,0,ok
0002d2f0,3,FUN_0002d2f0,2,0,ok
0002d498,27,FUN_0002d498,1,1,ok
0002d4b4,17,FUN_0002d4b4,4,0,ok
0002d4ec,319,FUN_0002d4ec,17,4,ok
0002d62c,9,FUN_0002d62c,1,0,ok
0002d638,191,FUN_0002d638,1,2,ok
0002d6f8,633,FUN_0002d6f8,1,10,ok
0002d974,149,FUN_0002d974,24,0,ok
0002da0c,213,FUN_0002da0c,14,1,ok
0002dae4,116,FUN_0002dae4,18,3,ok
0002db58,105,FUN_0002db58,4,0,ok
0002dbc4,219,FUN_0002dbc4,7,1,ok
0002dca0,321,FUN_0002dca0,5,3,ok
0002dde4,177,FUN_0002dde4,3,1,ok
0002de98,241,FUN_0002de98,1,5,ok
0002df8c,109,FUN_0002df8c,1,3,ok
0002e034,110,FUN_0002e034,1,1,ok
0002e0a4,117,FUN_0002e0a4,1,1,ok
0002e180,151,FUN_0002e180,1,2,ok
0002e934,89,FUN_0002e934,3,1,ok
0002e990,160,FUN_0002e990,8,1,ok
0002ea30,52,FUN_0002ea30,12,0,ok
0002ea64,1,FUN_0002ea64,8,0,ok
0002ea68,10,FUN_0002ea68,8,1,ok
0002ea74,4,FUN_0002ea74,5,0,ok
0002ea78,263,FUN_0002ea78,3,11,ok
0002eb80,60,FUN_0002eb80,2,2,ok
0002ebf0,493,FUN_0002ebf0,2,1,ok
0002ede0,56,FUN_0002ede0,2,3,ok
0002eec8,64,FUN_0002eec8,1,3,ok
0002ef24,34,FUN_0002ef24,1,1,ok
0002efd4,283,FUN_0002efd4,4,2,ok
0002f0f0,105,FUN_0002f0f0,9,0,ok
0002f174,36,FUN_0002f174,16,1,ok
0002f198,115,FUN_0002f198,85,2,ok
0002f20c,115,FUN_0002f20c,2,2,ok
0002f280,146,FUN_0002f280,28,2,ok
0002f314,113,FUN_0002f314,2,1,ok
0002f388,145,FUN_0002f388,20,1,ok
0002f41c,21,FUN_0002f41c,5,1,ok
0002f434,47,FUN_0002f434,12,2,ok
0002f464,38,FUN_0002f464,1,2,ok
0002f4bc,20,FUN_0002f4bc,59,1,ok
0002f4d0,61,FUN_0002f4d0,17,2,ok
0002f510,23,FUN_0002f510,66,1,ok
0002f528,74,FUN_0002f528,7,2,ok
0002f5a0,615,FUN_0002f5a0,2,2,ok
0002f830,239,FUN_0002f830,2,3,ok
0002f920,22,FUN_0002f920,2,1,ok
0002f940,89,FUN_0002f940,1,2,ok
0002f9cc,116,FUN_0002f9cc,1,10,ok
0002fa40,1024,FUN_0002fa40,0,11,ok
0002fe40,66,FUN_0002fe40,4,1,ok
0002fe84,320,FUN_0002fe84,4,8,ok
0002ffc4,1577,FUN_0002ffc4,1,13,ok
000305fc,287,FUN_000305fc,2,2,ok
00030788,220,FUN_00030788,3,2,ok
0003157c,1057,FUN_0003157c,5,2,ok
000319b0,91,FUN_000319b0,0,0,ok
00031a78,137,FUN_00031a78,0,1,ok
00031e28,251,FUN_00031e28,0,3,ok
00032968,1,FUN_00032968,1,0,ok
00032970,203,FUN_00032970,14,1,ok
00032a3c,194,FUN_00032a3c,7,2,ok
00032b00,73,FUN_00032b00,3,1,ok
00032b4c,70,FUN_00032b4c,2,1,ok
00032b94,24,FUN_00032b94,1,1,ok
00032bac,1,FUN_00032bac,7,0,ok
00032bb0,41,FUN_00032bb0,1,1,ok
000336c0,83,FUN_000336c0,2,2,ok
00033714,31,FUN_00033714,1,0,ok
00033734,31,FUN_00033734,6,0,ok
00033754,269,FUN_00033754,19,2,ok
00033864,14,FUN_00033864,2,0,ok
00033874,143,FUN_00033874,1,1,ok
00033904,29,FUN_00033904,15,0,ok
00033950,90,FUN_00033950,57,0,ok
000339ac,99,FUN_000339ac,8,0,ok
00033a10,88,FUN_00033a10,35,0,ok
00033a68,97,FUN_00033a68,3,0,ok
00033acc,51,FUN_00033acc,2,0,ok
00033b00,279,FUN_00033b00,3,3,ok
00033c18,67,FUN_00033c18,10,0,ok
00033c78,571,FUN_00033c78,9,6,ok
00033eb4,53,FUN_00033eb4,6,1,ok
00033f08,302,FUN_00033f08,6,1,ok
00034038,131,FUN_00034038,4,2,ok
00034978,39,FUN_00034978,1,1,ok
000349c8,329,FUN_000349c8,1,7,ok
00034b6c,541,FUN_00034b6c,1,21,ok
00034d8c,78,FUN_00034d8c,4,0,ok
00034ddc,68,FUN_00034ddc,1,0,ok
00034e20,11,FUN_00034e20,1,0,ok
00034e2c,548,FUN_00034e2c,2,6,ok
00035050,125,FUN_00035050,1,0,ok
000350d0,522,FUN_000350d0,1,11,ok
0003531c,467,FUN_0003531c,1,6,ok
000354f0,360,FUN_000354f0,2,4,ok
00035658,478,FUN_00035658,28,9,ok
00035838,256,FUN_00035838,7,2,ok
000359e0,412,FUN_000359e0,1,8,ok
00035b7c,158,FUN_00035b7c,6,2,ok
00035c1c,154,FUN_00035c1c,5,1,ok
00035d20,89,FUN_00035d20,2,1,ok
00035d7c,134,FUN_00035d7c,1,1,ok
00035e6c,279,FUN_00035e6c,1,5,ok
00035f84,213,FUN_00035f84,1,3,ok
0003605c,184,FUN_0003605c,3,4,ok
000361c8,183,FUN_000361c8,1,1,ok
00036300,226,FUN_00036300,1,1,ok
00036430,203,FUN_00036430,1,5,ok
000364fc,201,FUN_000364fc,1,5,ok
000365c8,86,FUN_000365c8,6,0,ok
00036638,213,FUN_00036638,13,2,ok
00036710,202,FUN_00036710,1,2,ok
000367dc,128,FUN_000367dc,4,1,ok
00036870,856,FUN_00036870,9,11,ok
00036bc8,282,FUN_00036bc8,3,4,ok
00036ce4,58,FUN_00036ce4,1,1,ok
00036d20,120,FUN_00036d20,2,3,ok
00036d98,147,FUN_00036d98,1,0,ok
00036e2c,73,FUN_00036e2c,1,0,ok
00036e78,152,FUN_00036e78,2,1,ok
00036f10,477,FUN_00036f10,1,6,ok
000370f0,118,FUN_000370f0,2,1,ok
00037178,746,FUN_00037178,2,4,ok
00037464,475,FUN_00037464,1,5,ok
000379c4,147,FUN_000379c4,1,2,ok
00037b54,28,FUN_00037b54,2,0,ok
00037d18,139,FUN_00037d18,3,3,ok
000380c4,144,FUN_000380c4,1,2,ok
00038154,368,FUN_00038154,4,3,ok
000382c4,313,FUN_000382c4,1,4,ok
00038434,195,FUN_00038434,1,2,ok
000384f8,183,FUN_000384f8,2,8,ok
000385b0,384,FUN_000385b0,1,3,ok
00038730,196,FUN_00038730,2,5,ok
000387f4,155,FUN_000387f4,1,3,ok
00038890,127,FUN_00038890,1,2,ok
00038910,125,FUN_00038910,1,1,ok
00038990,52,FUN_00038990,2,0,ok
000389c4,113,FUN_000389c4,1,0,ok
00038a38,224,FUN_00038a38,2,0,ok
00038b18,85,FUN_00038b18,22,1,ok
00038b70,57,FUN_00038b70,2,1,ok
00038bb0,24,FUN_00038bb0,1,0,ok
00038bc8,34,FUN_00038bc8,1,0,ok
00038bec,70,FUN_00038bec,1,0,ok
00038c5c,125,FUN_00038c5c,2,2,ok
00038d24,108,FUN_00038d24,2,3,ok
00038d90,318,FUN_00038d90,1,5,ok
00038ed0,284,FUN_00038ed0,1,3,ok
00038fec,81,FUN_00038fec,1,2,ok
00039040,566,FUN_00039040,2,6,ok
00039278,8,FUN_00039278,4,0,ok
00039280,32,FUN_00039280,4,0,ok
000392a0,907,FUN_000392a0,4,4,ok
0003962c,126,FUN_0003962c,2,2,ok
000396ac,139,FUN_000396ac,3,2,ok
00039738,250,FUN_00039738,1,1,ok
00039834,407,FUN_00039834,10,9,ok
000399cc,65,FUN_000399cc,1,2,ok
00039a10,34,FUN_00039a10,15,0,ok
00039ac8,74,FUN_00039ac8,2,0,ok
00039b14,4,FUN_00039b14,1,0,ok
00039b30,388,FUN_00039b30,1,9,ok
00039efc,66,FUN_00039efc,3,1,ok
00039f40,112,FUN_00039f40,8,1,ok
00039fb0,66,FUN_00039fb0,1,3,ok
00039ff4,245,FUN_00039ff4,2,4,ok
0003a0fc,355,FUN_0003a0fc,2,4,ok
0003a280,32,FUN_0003a280,2,0,ok
0003a2a0,332,FUN_0003a2a0,0,11,ok
0003a504,116,FUN_0003a504,1,1,ok
0003a650,116,FUN_0003a650,1,1,ok
0003a79c,116,FUN_0003a79c,1,1,ok
0003a8e8,116,FUN_0003a8e8,1,1,ok
0003a95c,122,FUN_0003a95c,1,3,ok
0003aa54,167,FUN_0003aa54,1,1,ok
0003aafc,667,FUN_0003aafc,1,14,ok
0003ad98,260,FUN_0003ad98,3,5,ok
0003ae9c,294,FUN_0003ae9c,1,2,ok
0003afc4,116,FUN_0003afc4,17,1,ok
0003b038,72,FUN_0003b038,1,0,ok
0003b080,177,FUN_0003b080,4,3,ok
0003b134,355,FUN_0003b134,2,6,ok
0003b298,441,FUN_0003b298,4,6,ok
0003b464,608,FUN_0003b464,1,15,ok
0003b6c4,77,FUN_0003b6c4,1,2,ok
0003b714,449,FUN_0003b714,1,12,ok
0003b8d8,52,FUN_0003b8d8,4,0,ok
0003b90c,44,FUN_0003b90c,2,0,ok
0003b938,140,FUN_0003b938,2,2,ok
0003b9d8,273,FUN_0003b9d8,3,3,ok
0003baec,163,FUN_0003baec,1,1,ok
0003bb90,221,FUN_0003bb90,2,3,ok
0003bdb0,43,FUN_0003bdb0,1,1,ok
0003bddc,401,FUN_0003bddc,7,4,ok
0003c148,36,FUN_0003c148,26,0,ok
0003c16c,34,FUN_0003c16c,16,0,ok
0003c190,53,FUN_0003c190,7,1,ok
0003c1c8,61,FUN_0003c1c8,1,1,ok
0003c208,292,FUN_0003c208,1,8,ok
0003c358,171,FUN_0003c358,1,1,ok
0003c480,75,FUN_0003c480,13,4,ok
0003c4cc,83,FUN_0003c4cc,6,3,ok
0003c520,77,FUN_0003c520,7,4,ok
0003c570,44,FUN_0003c570,5,0,ok
0003c59c,48,FUN_0003c59c,5,0,ok
0003c5cc,23,FUN_0003c5cc,12,0,ok
0003c600,165,FUN_0003c600,4,0,ok
0003c6a8,61,FUN_0003c6a8,8,1,ok
0003c6e8,109,FUN_0003c6e8,6,0,ok
0003c758,168,FUN_0003c758,3,2,ok
0003c800,121,FUN_0003c800,1,2,ok
0003c88c,730,FUN_0003c88c,1,4,ok
0003cb68,91,FUN_0003cb68,13,2,ok
0003cbc4,146,FUN_0003cbc4,1,2,ok
0003cc58,146,FUN_0003cc58,1,2,ok
0003ccec,88,FUN_0003ccec,1,0,ok
0003cd44,66,FUN_0003cd44,2,1,ok
0003cd94,141,FUN_0003cd94,1,0,ok
0003ce24,52,FUN_0003ce24,1,1,ok
0003ce58,224,FUN_0003ce58,2,6,ok
0003cf38,203,FUN_0003cf38,5,4,ok
0003d004,183,FUN_0003d004,1,4,ok
0003d0c0,75,FUN_0003d0c0,1,0,ok
0003e524,263,FUN_0003e524,0,7,ok
0003e6a8,344,FUN_0003e6a8,0,7,ok
0003ea24,508,FUN_0003ea24,0,7,ok
0003ee00,321,FUN_0003ee00,0,4,ok
0003f308,87,FUN_0003f308,1,3,ok
0003f6f4,43,FUN_0003f6f4,7,1,ok
0003f720,92,FUN_0003f720,9,4,ok
0003f9c8,446,FUN_0003f9c8,0,10,ok
0003fd30,166,FUN_0003fd30,0,4,ok
0003fdd8,206,FUN_0003fdd8,0,7,ok
0003ff08,134,FUN_0003ff08,1,1,ok
00040608,91,FUN_00040608,1,2,ok
000406b4,309,FUN_000406b4,2,6,ok
000408e8,87,FUN_000408e8,1,2,ok
00040954,616,FUN_00040954,0,9,ok
00040bbc,120,FUN_00040bbc,0,2,ok
00041030,361,FUN_00041030,1,2,ok
000412a0,77,FUN_000412a0,1,2,ok
00041310,49,FUN_00041310,17,0,ok
00041350,120,FUN_00041350,5,1,ok
000413c8,99,FUN_000413c8,1,1,ok
000414b4,114,FUN_000414b4,2,2,ok
00041528,80,FUN_00041528,1,2,ok
00041578,146,FUN_00041578,4,4,ok
0004160c,199,FUN_0004160c,2,5,ok
000416d4,137,FUN_000416d4,1,4,ok
00041760,98,FUN_00041760,1,3,ok
000417c4,180,FUN_000417c4,1,3,ok
000418f4,783,FUN_000418f4,1,6,ok
00041c28,2115,FUN_00041c28,1,27,ok
0004246c,30,FUN_0004246c,2,1,ok
0004248c,67,FUN_0004248c,2,0,ok
000424e8,570,FUN_000424e8,1,19,ok
00042724,403,FUN_00042724,1,2,ok
000428b8,785,FUN_000428b8,1,3,ok
00042bcc,195,FUN_00042bcc,1,0,ok
00042cb4,681,FUN_00042cb4,1,6,ok
00042f60,78,FUN_00042f60,4,5,ok
00042fe0,221,FUN_00042fe0,4,4,ok
000432a0,73,FUN_000432a0,1,3,ok
000432ec,238,FUN_000432ec,7,5,ok
000433dc,133,FUN_000433dc,1,4,ok
00043464,326,FUN_00043464,1,5,ok
000435ac,207,FUN_000435ac,1,5,ok
00043738,222,FUN_00043738,1,8,ok
00043818,154,FUN_00043818,2,5,ok
000438b4,116,FUN_000438b4,1,4,ok
00043928,59,FUN_00043928,2,1,ok
00043964,164,FUN_00043964,3,3,ok
00043a08,162,FUN_00043a08,3,3,ok
00043aac,119,FUN_00043aac,1,3,ok
00043b24,486,FUN_00043b24,1,11,ok
00043d0c,83,FUN_00043d0c,1,0,ok
00043d60,319,FUN_00043d60,2,7,ok
00043ea0,283,FUN_00043ea0,1,3,ok
00043fbc,150,FUN_00043fbc,1,3,ok
00044054,56,FUN_00044054,1,1,ok
0004408c,253,FUN_0004408c,1,1,ok
0004418c,274,FUN_0004418c,1,3,ok
000442a0,170,FUN_000442a0,1,3,ok
0004434c,377,FUN_0004434c,1,7,ok
000444c8,132,FUN_000444c8,1,7,ok
0004454c,235,FUN_0004454c,1,2,ok
00044638,350,FUN_00044638,1,5,ok
00044798,419,FUN_00044798,1,5,ok
0004505c,138,FUN_0004505c,0,3,ok
00045908,197,FUN_00045908,1,6,ok
00045b50,191,FUN_00045b50,0,4,ok
00046190,33,FUN_00046190,1,2,ok
000461dc,642,FUN_000461dc,1,2,ok
00046460,58,FUN_00046460,3,0,ok
0004649c,101,FUN_0004649c,3,0,ok
00046504,21,FUN_00046504,2,0,ok
0004651c,21,FUN_0004651c,2,0,ok
00046534,93,FUN_00046534,7,0,ok
00046594,119,FUN_00046594,1,0,ok
0004660c,100,FUN_0004660c,6,0,ok
00046670,37,FUN_00046670,1,0,ok
00046698,89,FUN_00046698,1,1,ok
000466f4,72,FUN_000466f4,1,0,ok
0004673c,85,FUN_0004673c,1,0,ok
00046794,72,FUN_00046794,1,0,ok
000467dc,78,FUN_000467dc,1,1,ok
0004682c,78,FUN_0004682c,1,1,ok
00046898,63,FUN_00046898,1,1,ok
000468d8,96,FUN_000468d8,5,1,ok
00046958,78,FUN_00046958,1,0,ok
000469a8,458,FUN_000469a8,1,11,ok
00046bbc,130,FUN_00046bbc,13,0,ok
00046c78,318,FUN_00046c78,1,3,ok
00046dd4,291,FUN_00046dd4,1,1,ok
00046f4c,427,FUN_00046f4c,1,3,ok
000470f8,269,FUN_000470f8,1,1,ok
00047208,345,FUN_00047208,1,9,ok
00047370,369,FUN_00047370,2,11,ok
000474e4,215,FUN_000474e4,1,2,ok
00047a00,233,FUN_00047a00,1,8,ok
00047b04,247,FUN_00047b04,0,5,ok
00048aac,306,FUN_00048aac,0,7,ok
00048c4c,107,FUN_00048c4c,1,2,ok
00048d94,446,FUN_00048d94,0,8,ok
00049300,135,FUN_00049300,1,1,ok
00049388,104,FUN_00049388,6,1,ok
000493f0,50,FUN_000493f0,2,1,ok
00049444,97,FUN_00049444,2,3,ok
000494a8,515,FUN_000494a8,1,8,ok
000496ac,47,FUN_000496ac,17,0,ok
000496dc,416,FUN_000496dc,1,8,ok
0004987c,942,FUN_0004987c,2,10,ok
00049c78,2492,FUN_00049c78,7,22,ok
0004a634,211,FUN_0004a634,1,2,ok
0004a708,122,FUN_0004a708,2,2,ok
0004a7d4,49,FUN_0004a7d4,1,0,ok
0004a808,95,FUN_0004a808,1,0,ok
0004a868,63,FUN_0004a868,6,1,ok
0004a8a8,96,FUN_0004a8a8,1,1,ok
0004a928,323,FUN_0004a928,1,2,ok
0004aa6c,98,FUN_0004aa6c,2,1,ok
0004aad0,326,FUN_0004aad0,1,7,ok
0004ac38,70,FUN_0004ac38,8,1,ok
0004af04,288,FUN_0004af04,1,0,ok
0004b144,359,FUN_0004b144,2,4,ok
0004b2ac,322,FUN_0004b2ac,1,3,ok
0004b3f0,63,FUN_0004b3f0,5,1,ok
0004b430,63,FUN_0004b430,6,1,ok
0004b470,312,FUN_0004b470,3,6,ok
0004b5a8,241,FUN_0004b5a8,1,3,ok
0004b69c,233,FUN_0004b69c,1,3,ok
0004b788,547,FUN_0004b788,1,5,ok
0004b9ac,925,FUN_0004b9ac,1,7,ok
0004bd4c,76,FUN_0004bd4c,4,1,ok
0004bd98,346,FUN_0004bd98,1,3,ok
0004bf18,1697,FUN_0004bf18,1,17,ok
0004c60c,374,FUN_0004c60c,1,3,ok
0004c784,914,FUN_0004c784,2,14,ok
0004cb18,244,FUN_0004cb18,3,3,ok
0004cc0c,393,FUN_0004cc0c,3,3,ok
0004cd98,187,FUN_0004cd98,1,3,ok
0004ce70,176,FUN_0004ce70,1,0,ok
0004cf20,487,FUN_0004cf20,1,7,ok
0004d108,69,FUN_0004d108,1,2,ok
0004d150,209,FUN_0004d150,1,4,ok
0004d224,133,FUN_0004d224,1,5,ok
0004d2d0,1233,FUN_0004d2d0,2,10,ok
0004d7a4,219,FUN_0004d7a4,1,3,ok
0004d898,796,FUN_0004d898,1,5,ok
0004dbb4,53,FUN_0004dbb4,2,0,ok
0004dbec,755,FUN_0004dbec,2,10,ok
0004def4,552,FUN_0004def4,2,4,ok
0004e11c,352,FUN_0004e11c,1,5,ok
0004e27c,131,FUN_0004e27c,1,1,ok
0004e350,481,FUN_0004e350,2,7,ok
0004e5a4,214,FUN_0004e5a4,1,3,ok
0004e67c,799,FUN_0004e67c,1,10,ok
0004e99c,540,FUN_0004e99c,1,2,ok
0004ebb8,979,FUN_0004ebb8,2,4,ok
0004ef8c,368,FUN_0004ef8c,1,6,ok
0004f0fc,210,FUN_0004f0fc,1,3,ok
0004f1d0,19,FUN_0004f1d0,11,0,ok
0004f1e4,26,FUN_0004f1e4,22,1,ok
0004f200,38,FUN_0004f200,1,2,ok
0004f228,36,FUN_0004f228,3,0,ok
0004f24c,97,FUN_0004f24c,1,1,ok
0004f2b0,103,FUN_0004f2b0,1,1,ok
0004f318,100,FUN_0004f318,2,1,ok
0004f37c,182,FUN_0004f37c,2,2,ok
0004f434,178,FUN_0004f434,1,1,ok
0004f4e8,223,FUN_0004f4e8,1,3,ok
0004f644,162,FUN_0004f644,2,2,ok
0004f6e8,28,FUN_0004f6e8,1,0,ok
0004f704,16,FUN_0004f704,1,0,ok
0004f714,18,FUN_0004f714,1,1,ok
0004f728,79,FUN_0004f728,1,1,ok
0004f778,24,FUN_0004f778,3,0,ok
0004f790,97,FUN_0004f790,5,1,ok
0004f7f4,70,FUN_0004f7f4,1,1,ok
0004f944,56,FUN_0004f944,3,0,ok
0004f980,29,FUN_0004f980,11,0,ok
0004f9a0,38,FUN_0004f9a0,1,1,ok
0004f9c8,28,FUN_0004f9c8,1,1,ok
0004f9e4,161,FUN_0004f9e4,1,4,ok
0004fa88,152,FUN_0004fa88,1,3,ok
0004fb20,117,FUN_0004fb20,1,0,ok
0004fb98,10,FUN_0004fb98,2,0,ok
0004fba2,25,FUN_0004fba2,2,0,ok
0004fbbb,74,FUN_0004fbbb,4,0,ok
0004fc05,248,FUN_0004fc05,2,0,ok
0004fcfd,248,FUN_0004fcfd,2,0,ok
0004fdf5,410,FUN_0004fdf5,1,0,ok
0004ff8f,73,FUN_0004ff8f,4,0,ok
0004ffd8,73,FUN_0004ffd8,2,0,ok
00050021,41,FUN_00050021,1,0,ok
0005004a,113,FUN_0005004a,3,3,ok
000500bb,6,FUN_000500bb,14,0,ok
000500c4,130,FUN_000500c4,2,0,ok
00050146,27,FUN_00050146,1,0,ok
00050161,38,FUN_00050161,5,0,ok
00050188,27,FUN_00050188,2,0,ok
000501a3,2944,FUN_000501a3,2,0,ok
00050d23,4405,FUN_00050d23,1,0,ok
00051e5c,121,FUN_00051e5c,1,1,ok
00051ed8,109,FUN_00051ed8,1,1,ok
00051f45,45,FUN_00051f45,1,0,ok
00051f72,404,FUN_00051f72,3,0,ok
00052106,83,FUN_00052106,3,1,ok
0005d110,264,FUN_0005d110,2,0,ok
0005d7dc,42,FUN_0005d7dc,113,0,ok
0005d808,10,FUN_0005d808,1,0,ok
0005d812,3,FUN_0005d812,1,0,ok
0005d815,60,FUN_0005d815,1,1,ok
0005d851,25,FUN_0005d851,1,2,ok
0005d86a,20,FUN_0005d86a,1,1,ok
0005d87e,45,FUN_0005d87e,23,1,ok
0005d8ab,20,FUN_0005d8ab,12,1,ok
0005d8bf,20,FUN_0005d8bf,14,1,ok
0005d8d3,41,FUN_0005d8d3,1,1,ok
0005d8fc,31,FUN_0005d8fc,3,1,ok
0005d91b,27,FUN_0005d91b,4,1,ok
0005d936,34,FUN_0005d936,2,1,ok
0005d958,27,FUN_0005d958,3,1,ok
0005d973,53,FUN_0005d973,36,1,ok
0005d9a8,27,FUN_0005d9a8,3,1,ok
0005d9c3,34,FUN_0005d9c3,2,1,ok
0005d9e5,45,FUN_0005d9e5,2,1,ok
0005da12,41,FUN_0005da12,5,1,ok
0005da3b,45,FUN_0005da3b,3,1,ok
0005da68,31,FUN_0005da68,2,1,ok
0005da87,31,FUN_0005da87,5,1,ok
0005daa6,27,FUN_0005daa6,5,1,ok
0005dac3,25,FUN_0005dac3,0,1,ok
0005dadc,27,FUN_0005dadc,5,1,ok
0005daf7,20,FUN_0005daf7,1,1,ok
0005db0b,41,FUN_0005db0b,2,1,ok
0005db34,45,FUN_0005db34,2,1,ok
0005db61,27,FUN_0005db61,3,1,ok
0005db7c,34,FUN_0005db7c,1,1,ok
0005db9e,45,FUN_0005db9e,4,1,ok
0005dbcb,41,FUN_0005dbcb,2,1,ok
0005dbf4,27,FUN_0005dbf4,1,1,ok
0005dc0f,27,FUN_0005dc0f,7,1,ok
0005dc2a,35,FUN_0005dc2a,1,1,ok
0005dc4d,35,FUN_0005dc4d,2,1,ok
0005dc70,27,FUN_0005dc70,1,1,ok
0005dc8b,27,FUN_0005dc8b,6,1,ok
0005dca6,31,FUN_0005dca6,2,1,ok
0005dcc5,31,FUN_0005dcc5,3,1,ok
0005dce4,31,FUN_0005dce4,1,1,ok
0005dd03,41,FUN_0005dd03,7,1,ok
0005dd2c,49,FUN_0005dd2c,1,1,ok
0005dd5d,41,FUN_0005dd5d,1,1,ok
0005dd86,39,FUN_0005dd86,1,1,ok
0005ddad,35,FUN_0005ddad,1,1,ok
0005ddd0,34,FUN_0005ddd0,1,1,ok
0005ddf2,45,FUN_0005ddf2,1,1,ok
0005de1f,41,FUN_0005de1f,1,1,ok
0005de48,49,FUN_0005de48,2,1,ok
0005de79,27,FUN_0005de79,1,1,ok
0005de94,27,FUN_0005de94,4,1,ok
0005deaf,27,FUN_0005deaf,6,1,ok
0005deca,35,FUN_0005deca,3,1,ok
0005deed,41,FUN_0005deed,3,1,ok
0005df16,31,FUN_0005df16,1,1,ok
0005df35,41,FUN_0005df35,1,1,ok
0005df5e,31,FUN_0005df5e,2,1,ok
0005df7d,35,FUN_0005df7d,2,1,ok
0005dfa5,55,FUN_0005dfa5,0,1,ok
0005dfdc,15,FUN_0005dfdc,2,0,ok
0005dfeb,15,FUN_0005dfeb,2,0,ok
0005e000,155,FUN_0005e000,11,0,ok
0005e09b,761,FUN_0005e09b,1,0,ok
0005e394,108,FUN_0005e394,1,0,ok
0005e400,130,FUN_0005e400,4,3,ok
0005e482,6,FUN_0005e482,1,0,ok
0005e488,48,FUN_0005e488,4,0,ok
0005e4b8,48,FUN_0005e4b8,4,0,ok
0005e4e8,497,FUN_0005e4e8,1,3,ok
0005e6d9,170,FUN_0005e6d9,5,0,ok
0005e783,3471,FUN_0005e783,1,0,ok
0005f758,3755,FUN_0005f758,1,1,ok
00060898,451,FUN_00060898,1,0,ok
00060a90,1948,FUN_00060a90,1,1,ok
0006122c,23,FUN_0006122c,1,0,ok
00061243,273,FUN_00061243,3,0,ok
00061354,207,FUN_00061354,1,0,ok
00061423,227,FUN_00061423,9,3,ok
00061506,94,FUN_00061506,9,1,ok
00061564,27,FUN_00061564,11,2,ok
0006157f,36,FUN_0006157f,2,1,ok
000615a3,453,FUN_000615a3,2,5,ok
00061768,101,FUN_00061768,0,3,ok
000617cd,61,FUN_000617cd,1,1,ok
0006180f,275,FUN_0006180f,1,4,ok
00061922,1,FUN_00061922,1,0,ok
00061923,76,FUN_00061923,1,1,ok
00061970,20,FUN_00061970,2,0,ok
00061984,20,FUN_00061984,5,0,ok
00061998,138,FUN_00061998,1,3,ok
00061a22,31,FUN_00061a22,4,1,ok
00061a4c,29,FUN_00061a4c,5,0,ok
00061a70,24,FUN_00061a70,41,1,ok
00061a88,40,FUN_00061a88,2,0,ok
00061ab0,25,FUN_00061ab0,2,1,ok
00061ac9,180,FUN_00061ac9,1,2,ok
00061b7d,200,FUN_00061b7d,1,6,ok
00061c45,27,FUN_00061c45,1,2,ok
00061c60,10,FUN_00061c60,6,1,ok
00061cf6,458,FUN_00061cf6,5,4,ok
00061ec0,47,FUN_00061ec0,6,1,ok
00061eef,21,FUN_00061eef,1,2,ok
00061f04,12,FUN_00061f04,3,0,ok
00061f10,105,FUN_00061f10,1,2,ok
00061f79,137,FUN_00061f79,1,7,ok
00062002,1,FUN_00062002,4,0,ok
00062003,24,FUN_00062003,15,2,ok
0006201b,22,FUN_0006201b,1,1,ok
00062031,487,FUN_00062031,1,5,ok
00062218,66,FUN_00062218,2,0,ok
0006225a,252,FUN_0006225a,5,5,ok
00062356,48,FUN_00062356,3,1,ok
00062386,37,FUN_00062386,4,0,ok
000623b0,161,FUN_000623b0,1,0,ok
000624d4,537,FUN_000624d4,0,2,ok
000626ed,59,FUN_000626ed,1,1,ok
00062728,9,FUN_00062728,2,0,ok
00062734,34,FUN_00062734,4,1,ok
00062756,23,FUN_00062756,2,0,ok
00062770,41,FUN_00062770,2,1,ok
0006279c,595,FUN_0006279c,9,3,ok
00062a2c,494,FUN_00062a2c,1,4,ok
00062c1c,797,FUN_00062c1c,2,2,ok
00062f3c,580,FUN_00062f3c,1,0,ok
00063180,673,FUN_00063180,1,7,ok
0006345c,1538,FUN_0006345c,1,15,ok
00063ce8,327,FUN_00063ce8,1,5,ok
00063e30,648,FUN_00063e30,1,2,ok
000640b8,120,FUN_000640b8,1,2,ok
00064130,200,FUN_00064130,1,5,ok
000641f8,271,FUN_000641f8,1,1,ok
000643cc,151,FUN_000643cc,1,4,ok
000649b0,380,FUN_000649b0,1,3,ok
00064b64,576,FUN_00064b64,0,1,ok
00064ed8,554,FUN_00064ed8,1,3,ok
00065240,247,FUN_00065240,1,3,ok
00065340,64,FUN_00065340,1,0,ok
00065380,33,FUN_00065380,1,1,ok
000653a1,76,FUN_000653a1,7,0,ok
000653ed,14,FUN_000653ed,4,0,ok
000653fc,53,FUN_000653fc,1,0,ok
00065431,93,FUN_00065431,3,1,ok
00065490,49,FUN_00065490,4,1,ok
000654c7,108,FUN_000654c7,4,0,ok
00065546,48,FUN_00065546,6,1,ok
0006559b,73,FUN_0006559b,2,0,ok
000655e4,27,FUN_000655e4,2,1,ok
000655ff,37,FUN_000655ff,1,0,ok
00065624,25,FUN_00065624,16,0,ok
0006563d,163,FUN_0006563d,1,2,ok
000656e2,87,FUN_000656e2,0,3,ok
00065739,238,FUN_00065739,4,2,ok
00065827,796,FUN_00065827,1,8,ok
00065b43,56,FUN_00065b43,1,0,ok
00065b7b,804,FUN_00065b7b,1,13,ok
00065e9f,233,FUN_00065e9f,1,6,ok
00065f88,182,FUN_00065f88,1,3,ok
0006603e,300,FUN_0006603e,1,3,ok
0006616a,85,FUN_0006616a,1,3,ok
000661c4,158,FUN_000661c4,0,2,ok
00066264,13,FUN_00066264,1,0,ok
00066271,13,FUN_00066271,1,0,ok
000663a4,48,FUN_000663a4,2,0,ok
000663d4,51,FUN_000663d4,1,1,ok
00066407,101,FUN_00066407,1,3,ok
0006646c,238,FUN_0006646c,1,2,ok
0006655a,59,FUN_0006655a,1,1,ok
00066595,44,FUN_00066595,1,0,ok
000665c1,39,FUN_000665c1,1,0,ok
00066853,69,FUN_00066853,1,0,ok
00066898,4,FUN_00066898,1,0,ok
0006689c,21,FUN_0006689c,1,0,ok
00066903,218,FUN_00066903,1,2,ok
000669dd,61,FUN_000669dd,1,0,ok
00066a1a,12,FUN_00066a1a,1,0,ok
00066a26,71,FUN_00066a26,1,2,ok
00066a6d,40,FUN_00066a6d,1,2,ok
00066a95,39,FUN_00066a95,1,2,ok
00066abc,36,FUN_00066abc,1,3,ok
00066ae0,48,FUN_00066ae0,1,2,ok
00066b34,48,FUN_00066b34,1,2,ok
00066b88,48,FUN_00066b88,1,3,ok
00066bb8,48,FUN_00066bb8,1,3,ok
00066c36,37,FUN_00066c36,1,1,ok
00066c60,195,FUN_00066c60,1,3,ok
00066d31,65,FUN_00066d31,0,1,ok
00066d81,42,FUN_00066d81,0,1,ok
00066db0,444,FUN_00066db0,3,0,ok
00067130,1012,FUN_00067130,1,3,ok
00067580,253,FUN_00067580,3,1,ok
00067682,169,FUN_00067682,0,7,ok
00067730,1618,FUN_00067730,1,17,ok
00067d90,122,FUN_00067d90,1,6,ok
00067e10,80,FUN_00067e10,1,2,ok
00067e60,106,FUN_00067e60,1,3,ok
00067ed0,19,FUN_00067ed0,1,0,ok
00067ef0,176,FUN_00067ef0,1,1,ok
00067fa0,15,FUN_00067fa0,1,0,ok
00067fb0,38,FUN_00067fb0,1,0,ok
00067fe0,43,FUN_00067fe0,1,1,ok
00068010,18,FUN_00068010,1,0,ok
00068030,32,FUN_00068030,1,1,ok
00068050,18,FUN_00068050,1,0,ok
00068070,118,FUN_00068070,1,1,ok
000680f0,73,FUN_000680f0,1,0,ok
00068140,33,FUN_00068140,1,0,ok
00068180,151,FUN_00068180,1,0,ok
00068220,128,FUN_00068220,1,1,ok
000682a0,91,FUN_000682a0,1,0,ok
000683c0,251,FUN_000683c0,1,2,ok
000684c0,96,FUN_000684c0,0,0,ok
00068520,77,FUN_00068520,2,1,ok
00068570,276,FUN_00068570,20,1,ok
00068692,183,FUN_00068692,0,2,ok
00068750,48,FUN_00068750,3,0,ok
00068780,55,FUN_00068780,0,0,ok
000687c0,287,FUN_000687c0,1,1,ok
000688e0,460,FUN_000688e0,1,0,ok
00068ab0,1049,FUN_00068ab0,23,8,ok
00068ed0,196,FUN_00068ed0,1,4,ok
00068fa0,153,FUN_00068fa0,1,2,ok
00069040,528,FUN_00069040,1,1,ok
00069250,165,FUN_00069250,4,1,ok
00069301,27,FUN_00069301,0,1,ok
00069320,68,FUN_00069320,2,1,ok
00069372,1819,FUN_00069372,0,7,ok
00069a90,208,FUN_00069a90,3,1,ok
00069b62,86,FUN_00069b62,0,3,ok
00069bc0,1801,FUN_00069bc0,1,17,ok
0006a2d0,122,FUN_0006a2d0,1,6,ok
0006a350,80,FUN_0006a350,1,2,ok
0006a3a0,111,FUN_0006a3a0,1,3,ok
0006a410,878,FUN_0006a410,1,7,ok
0006a780,54,FUN_0006a780,1,2,ok
0006a7c0,213,FUN_0006a7c0,1,3,ok
0006a8a0,36,FUN_0006a8a0,1,1,ok
0006a8d0,127,FUN_0006a8d0,1,1,ok
0006a950,15,FUN_0006a950,1,0,ok
0006a960,135,FUN_0006a960,1,0,ok
0006a9f0,389,FUN_0006a9f0,1,2,ok
0006ab80,286,FUN_0006ab80,1,3,ok
0006aca0,53,FUN_0006aca0,1,0,ok
0006add8,163,FUN_0006add8,1,0,ok
0006ae80,272,FUN_0006ae80,1,0,ok
0006af8b,63,FUN_0006af8b,1,0,ok
0006afca,94,FUN_0006afca,1,1,ok
0006b12b,116,FUN_0006b12b,2,0,ok
0006b19f,78,FUN_0006b19f,1,0,ok
0006b1ed,211,FUN_0006b1ed,1,1,ok
0006b2c0,175,FUN_0006b2c0,1,4,ok
0006b36f,324,FUN_0006b36f,1,5,ok
0006b4b3,119,FUN_0006b4b3,2,1,ok
0006b52a,3,FUN_0006b52a,1,0,ok
0006b52d,30,FUN_0006b52d,4,0,ok
0006b550,12,FUN_0006b550,20,1,ok
0006b55c,7,FUN_0006b55c,2,1,ok
0006b573,12,FUN_0006b573,1,1,ok
0006b58d,5,FUN_0006b58d,1,0,ok
0006b592,102,FUN_0006b592,9,2,ok
0006b5f8,85,FUN_0006b5f8,5,1,ok
0006b64d,21,FUN_0006b64d,3,0,ok
0006b662,65,FUN_0006b662,11,1,ok
0006b6a3,50,FUN_0006b6a3,1,2,ok
0006b6d5,27,FUN_0006b6d5,1,0,ok
0006b875,122,FUN_0006b875,0,3,ok
0006b8ef,59,FUN_0006b8ef,1,1,ok
0006b92a,33,FUN_0006b92a,2,0,ok
0006b9d0,56,FUN_0006b9d0,1,1,ok
0006ba08,37,FUN_0006ba08,1,0,ok
0006ba3c,62,FUN_0006ba3c,0,0,ok
0006bdae,14,FUN_0006bdae,2,0,ok
0006bdbc,168,FUN_0006bdbc,1,3,ok
0006be64,57,FUN_0006be64,2,0,ok
0006bebb,49,FUN_0006bebb,2,1,ok
0006beec,119,FUN_0006beec,5,2,ok
0006bf63,31,FUN_0006bf63,2,1,ok
0006bf82,137,FUN_0006bf82,1,2,ok
0006c00b,47,FUN_0006c00b,2,1,ok
0006c03a,171,FUN_0006c03a,4,4,ok
0006c0e5,6,FUN_0006c0e5,1,0,ok
0006c0eb,191,FUN_0006c0eb,8,3,ok
0006c1af,465,FUN_0006c1af,1,5,ok
0006c380,164,FUN_0006c380,2,3,ok
0006c424,17,FUN_0006c424,2,1,ok
0006c435,79,FUN_0006c435,1,4,ok
0006c484,75,FUN_0006c484,1,1,ok
0006c4cf,79,FUN_0006c4cf,1,1,ok
0006c6d5,133,FUN_0006c6d5,2,3,ok
0006c760,33,FUN_0006c760,1,0,ok
0006c7b9,76,FUN_0006c7b9,5,0,ok
0006c851,36,FUN_0006c851,1,0,ok
0006c875,6,FUN_0006c875,1,0,ok
0006c881,14,FUN_0006c881,3,0,ok
0006c8ea,1,FUN_0006c8ea,1,0,ok
0006c8eb,641,FUN_0006c8eb,2,2,ok
0006cb6c,307,FUN_0006cb6c,1,1,ok
0006cc9f,91,FUN_0006cc9f,1,0,ok
0006ccfa,36,FUN_0006ccfa,2,0,ok
0006cd1e,35,FUN_0006cd1e,1,0,ok
0006cd41,97,FUN_0006cd41,2,1,ok
0006cda2,219,FUN_0006cda2,1,1,ok
0006ce7d,7,FUN_0006ce7d,1,1,ok
0006ce84,1097,FUN_0006ce84,1,9,ok
0006d2cd,24,FUN_0006d2cd,2,1,ok
0006d2e5,99,FUN_0006d2e5,1,1,ok
0006d348,87,FUN_0006d348,9,0,ok
0006d39f,31,FUN_0006d39f,2,0,ok
0006d3be,90,FUN_0006d3be,2,1,ok
0006f0e6,58,FUN_0006f0e6,1,0,ok
0006f120,513,FUN_0006f120,1,1,ok
0006f321,146,FUN_0006f321,9,0,ok
0006f3b3,44,FUN_0006f3b3,5,0,ok
0006f3df,47,FUN_0006f3df,1,1,ok
0006f40e,41,FUN_0006f40e,8,0,ok
0006f506,200,FUN_0006f506,1,1,ok
0006f5c8,6,FUN_0006f5c8,2,0,ok
0006f5ce,6,FUN_0006f5ce,1,0,ok
0006f5d4,221,FUN_0006f5d4,0,2,ok
0006f6b1,72,FUN_0006f6b1,1,0,ok
0006f707,18,FUN_0006f707,1,1,ok
0006fb28,4979,FUN_0006fb28,28,29,ok
0006fcca,82,FUN_0006fcca,8,1,ok
0006fd1c,28,FUN_0006fd1c,7,1,ok
0006fd38,78,FUN_0006fd38,4,1,ok
0006fe85,31,caseD_0,0,2,ok
0007068e,21,caseD_40,0,1,ok
00070d1b,38,caseD_3,1,1,ok
0007123e,14,FUN_0007123e,14,0,ok
0007124c,42,FUN_0007124c,7,1,ok
00071276,48,FUN_00071276,9,1,ok
000712a6,364,FUN_000712a6,15,0,ok
00071412,153,FUN_00071412,15,0,ok
000714ab,42,FUN_000714ab,15,1,ok
000714d5,427,FUN_000714d5,7,1,ok
00071680,42,FUN_00071680,8,1,ok
000716aa,249,FUN_000716aa,16,0,ok
000717fb,5,FUN_000717fb,6,0,ok
00071800,106,FUN_00071800,1,0,ok
0007186a,17,FUN_0007186a,19,0,ok
0007187b,53,FUN_0007187b,1,0,ok
000718b0,128,FUN_000718b0,9,1,ok
00071930,127,FUN_00071930,2,0,ok
000719af,199,FUN_000719af,2,1,ok
00071a76,69,FUN_00071a76,9,0,ok
00071b3b,307,FUN_00071b3b,6,0,ok
00071cc8,182,FUN_00071cc8,1,3,ok
00071d7e,355,FUN_00071d7e,1,5,ok
00071ee1,102,FUN_00071ee1,2,1,ok
00071f47,123,FUN_00071f47,2,0,ok
00071fc2,167,FUN_00071fc2,1,0,ok
000720b0,25,FUN_000720b0,1,1,ok
000720c9,67,FUN_000720c9,1,3,ok
0007210c,465,FUN_0007210c,1,5,ok
000723a4,503,FUN_000723a4,3,6,ok
0007259b,10,FUN_0007259b,2,1,ok
000725a5,13,FUN_000725a5,2,1,ok
000725b2,13,FUN_000725b2,1,1,ok
000725e8,468,FUN_000725e8,1,4,ok
000727bc,204,FUN_000727bc,1,0,ok
000728a8,82,FUN_000728a8,4,2,ok
000728fa,72,FUN_000728fa,2,2,ok
00072a0c,89,FUN_00072a0c,2,0,ok
00072b6d,47,FUN_00072b6d,1,1,ok
00072b9c,29,FUN_00072b9c,1,0,ok
00072bb9,124,FUN_00072bb9,1,3,ok
00072c35,31,FUN_00072c35,0,1,ok
00072c54,9,FUN_00072c54,2,0,ok
00072c97,15,FUN_00072c97,1,1,ok
00072ca6,11,FUN_00072ca6,1,0,ok
00072cd6,74,FUN_00072cd6,1,0,ok
00072d20,27,FUN_00072d20,3,1,ok
00072d42,167,FUN_00072d42,1,0,ok
00072de9,99,FUN_00072de9,2,0,ok
00072e4c,107,FUN_00072e4c,1,1,ok
00072eb7,548,FUN_00072eb7,1,9,ok
000730db,425,FUN_000730db,1,3,ok
00073289,29,FUN_00073289,2,2,ok
000733a5,132,FUN_000733a5,2,0,ok
00073429,60,FUN_00073429,1,1,ok
00073465,65,FUN_00073465,2,3,ok
000734a6,231,FUN_000734a6,3,0,ok
0007358d,486,FUN_0007358d,1,5,ok
00073804,75,FUN_00073804,1,1,ok
0007384f,81,FUN_0007384f,1,0,ok
000738a0,21,FUN_000738a0,1,0,ok
000738c6,25,FUN_000738c6,2,1,ok
000738e0,58,FUN_000738e0,1,1,ok
0007391a,107,FUN_0007391a,1,0,ok
00073985,106,FUN_00073985,1,0,ok
000739ef,167,FUN_000739ef,1,1,ok
00073aa4,2,FUN_00073aa4,1,0,ok
00073aa6,111,FUN_00073aa6,1,0,ok
000e4f45,114,FUN_000e4f45,1,0,ok
.image::00062e89,1,FUN_.image__00062e89,0,0,ok
.image::00063537,1,FUN_.image__00063537,0,0,ok
.image::00063573,1,FUN_.image__00063573,0,0,ok
.image::000635a1,1,FUN_.image__000635a1,0,0,ok
.image::00063645,1,FUN_.image__00063645,0,0,ok
.image::00063686,1,FUN_.image__00063686,0,0,ok
.image::0006373e,1,FUN_.image__0006373e,0,0,ok
.image::000637f6,1,FUN_.image__000637f6,0,0,ok
.image::00063820,1,FUN_.image__00063820,0,0,ok
.image::0006384a,1,FUN_.image__0006384a,0,0,ok
.image::000638be,1,FUN_.image__000638be,0,0,ok
.image::000b066e,1,FUN_.image__000b066e,0,0,ok
.image::000b06a7,1,FUN_.image__000b06a7,0,0,ok
.image::000b06c0,1,FUN_.image__000b06c0,0,0,ok
.image::000b06d4,1,FUN_.image__000b06d4,0,0,ok
.image::000b0701,1,FUN_.image__000b0701,0,0,ok
.image::000b0715,1,FUN_.image__000b0715,0,0,ok
.image::000b0729,1,FUN_.image__000b0729,0,0,ok
.image::000b0752,1,FUN_.image__000b0752,0,0,ok
.image::000b0771,1,FUN_.image__000b0771,0,0,ok
.image::000b078c,1,FUN_.image__000b078c,0,0,ok
.image::000b07ae,1,FUN_.image__000b07ae,0,0,ok
.image::000b07c9,1,FUN_.image__000b07c9,0,0,ok
.image::000b07fe,1,FUN_.image__000b07fe,0,0,ok
.image::000b0819,1,FUN_.image__000b0819,0,0,ok
.image::000b083b,1,FUN_.image__000b083b,0,0,ok
.image::000b0868,1,FUN_.image__000b0868,0,0,ok
.image::000b0891,1,FUN_.image__000b0891,0,0,ok
.image::000b08be,1,FUN_.image__000b08be,0,0,ok
.image::000b08dd,1,FUN_.image__000b08dd,0,0,ok
.image::000b08fc,1,FUN_.image__000b08fc,0,0,ok
.image::000b0917,1,FUN_.image__000b0917,0,0,ok
.image::000b0932,1,FUN_.image__000b0932,0,0,ok
.image::000b094d,1,FUN_.image__000b094d,0,0,ok
.image::000b0961,1,FUN_.image__000b0961,0,0,ok
.image::000b098a,1,FUN_.image__000b098a,0,0,ok
.image::000b09b7,1,FUN_.image__000b09b7,0,0,ok
.image::000b09d2,1,FUN_.image__000b09d2,0,0,ok
.image::000b09f4,1,FUN_.image__000b09f4,0,0,ok
.image::000b0a21,1,FUN_.image__000b0a21,0,0,ok
.image::000b0a4a,1,FUN_.image__000b0a4a,0,0,ok
.image::000b0a65,1,FUN_.image__000b0a65,0,0,ok
.image::000b0a80,1,FUN_.image__000b0a80,0,0,ok
.image::000b0aa3,1,FUN_.image__000b0aa3,0,0,ok
.image::000b0ac6,1,FUN_.image__000b0ac6,0,0,ok
.image::000b0ae1,1,FUN_.image__000b0ae1,0,0,ok
.image::000b0afc,1,FUN_.image__000b0afc,0,0,ok
.image::000b0b1b,1,FUN_.image__000b0b1b,0,0,ok
.image::000b0b3a,1,FUN_.image__000b0b3a,0,0,ok
.image::000b0b59,1,FUN_.image__000b0b59,0,0,ok
.image::000b0b82,1,FUN_.image__000b0b82,0,0,ok
.image::000b0bb3,1,FUN_.image__000b0bb3,0,0,ok
.image::000b0bdc,1,FUN_.image__000b0bdc,0,0,ok
.image::000b0c03,1,FUN_.image__000b0c03,0,0,ok
.image::000b0c26,1,FUN_.image__000b0c26,0,0,ok
.image::000b0c48,1,FUN_.image__000b0c48,0,0,ok
.image::000b0c75,1,FUN_.image__000b0c75,0,0,ok
.image::000b0c9e,1,FUN_.image__000b0c9e,0,0,ok
.image::000b0ccf,1,FUN_.image__000b0ccf,0,0,ok
.image::000b0cea,1,FUN_.image__000b0cea,0,0,ok
.image::000b0d05,1,FUN_.image__000b0d05,0,0,ok
.image::000b0d20,1,FUN_.image__000b0d20,0,0,ok
.image::000b0d43,1,FUN_.image__000b0d43,0,0,ok
.image::000b0d6c,1,FUN_.image__000b0d6c,0,0,ok
.image::000b0d8b,1,FUN_.image__000b0d8b,0,0,ok
.image::000b0db4,1,FUN_.image__000b0db4,0,0,ok
.image::000b0dd3,1,FUN_.image__000b0dd3,0,0,ok
.image::000b0df9,1,FUN_.image__000b0df9,0,0,ok
.image::000b0e32,1,FUN_.image__000b0e32,0,0,ok
.image::000b0e41,1,FUN_.image__000b0e41,0,0,ok
.image::000b8496,1,FUN_.image__000b8496,0,0,ok
.image::000b8536,1,FUN_.image__000b8536,0,0,ok
.image::000b858f,1,FUN_.image__000b858f,0,0,ok
.image::000b867d,1,FUN_.image__000b867d,0,0,ok
.image::000b8999,1,FUN_.image__000b8999,0,0,ok
.image::000b89d1,1,FUN_.image__000b89d1,0,0,ok
.image::000b8cf5,1,FUN_.image__000b8cf5,0,0,ok
.image::000b8dde,1,FUN_.image__000b8dde,0,0,ok
.image::000b8e94,1,FUN_.image__000b8e94,0,0,ok
.image::000b8fc0,1,FUN_.image__000b8fc0,0,0,ok
.image::000b9018,1,FUN_.image__000b9018,0,0,ok
.image::000b9b85,1,FUN_.image__000b9b85,0,0,ok
.image::000b9bd5,1,FUN_.image__000b9bd5,0,0,ok
.image::000b9c06,1,FUN_.image__000b9c06,0,0,ok
.image::000b9f86,1,FUN_.image__000b9f86,0,0,ok
.image::000ba3d6,1,FUN_.image__000ba3d6,0,0,ok
.image::000ba4d6,1,FUN_.image__000ba4d6,0,0,ok
.image::000ba586,1,FUN_.image__000ba586,0,0,ok
.image::000babe6,1,FUN_.image__000babe6,0,0,ok
.image::000bac66,1,FUN_.image__000bac66,0,0,ok
.image::000bacb6,1,FUN_.image__000bacb6,0,0,ok
.image::000bad24,1,FUN_.image__000bad24,0,0,ok
.image::000bad44,1,FUN_.image__000bad44,0,0,ok
.image::000badf4,1,FUN_.image__000badf4,0,0,ok
.image::000bae04,1,FUN_.image__000bae04,0,0,ok
.image::000bae34,1,FUN_.image__000bae34,0,0,ok
.image::000bae64,1,FUN_.image__000bae64,0,0,ok
.image::000bae84,1,FUN_.image__000bae84,0,0,ok
.image::000baea4,1,FUN_.image__000baea4,0,0,ok
.image::000baec6,1,FUN_.image__000baec6,0,0,ok
.image::000baf45,1,FUN_.image__000baf45,0,0,ok
.image::000baf94,1,FUN_.image__000baf94,0,0,ok
.image::000bafd6,1,FUN_.image__000bafd6,0,0,ok
.image::000bb075,1,FUN_.image__000bb075,0,0,ok
.image::000bb0f4,1,FUN_.image__000bb0f4,0,0,ok
.image::000bb314,1,FUN_.image__000bb314,0,0,ok
.image::000bb375,1,FUN_.image__000bb375,0,0,ok
.image::000bb3c6,1,FUN_.image__000bb3c6,0,0,ok
.image::000bb4e6,1,FUN_.image__000bb4e6,0,0,ok
.image::000bb5a6,1,FUN_.image__000bb5a6,0,0,ok
.image::000bb5d4,1,FUN_.image__000bb5d4,0,0,ok
.image::000bb616,1,FUN_.image__000bb616,0,0,ok
.image::000bb736,1,FUN_.image__000bb736,0,0,ok
.image::000bb906,1,FUN_.image__000bb906,0,0,ok
.image::000bbd26,1,FUN_.image__000bbd26,0,0,ok
.image::000bbdf6,1,FUN_.image__000bbdf6,0,0,ok
.image::000bbe96,1,FUN_.image__000bbe96,0,0,ok
.image::000bc0a4,1,FUN_.image__000bc0a4,0,0,ok
.image::000bc155,1,FUN_.image__000bc155,0,0,ok
.image::000bc176,1,FUN_.image__000bc176,0,0,ok
.image::000bc1c6,1,FUN_.image__000bc1c6,0,0,ok
.image::000bc8e6,1,FUN_.image__000bc8e6,0,0,ok
.image::000bc9b6,1,FUN_.image__000bc9b6,0,0,ok
.image::000bca16,1,FUN_.image__000bca16,0,0,ok
.image::000bd126,1,FUN_.image__000bd126,0,0,ok
.image::000bd1a6,1,FUN_.image__000bd1a6,0,0,ok
.image::000bd1f6,1,FUN_.image__000bd1f6,0,0,ok
.image::000bd266,1,FUN_.image__000bd266,0,0,ok
.image::000bd5d5,1,FUN_.image__000bd5d5,0,0,ok
.image::000bd616,1,FUN_.image__000bd616,0,0,ok
.image::000bd6f5,1,FUN_.image__000bd6f5,0,0,ok
.image::000bd725,1,FUN_.image__000bd725,0,0,ok
.image::000bd7a4,1,FUN_.image__000bd7a4,0,0,ok
.image::000bd7b6,1,FUN_.image__000bd7b6,0,0,ok
.image::000bd846,1,FUN_.image__000bd846,0,0,ok
.image::000bd9d6,1,FUN_.image__000bd9d6,0,0,ok
.image::000bdaf4,1,FUN_.image__000bdaf4,0,0,ok
.image::000be890,1,FUN_.image__000be890,0,0,ok
.image::000bf006,1,FUN_.image__000bf006,0,0,ok
.image::000c5ca0,1,FUN_.image__000c5ca0,0,0,ok
.image::000c5d0b,1,FUN_.image__000c5d0b,0,0,ok
.image::000c5f2f,1,FUN_.image__000c5f2f,0,0,ok
.image::000c627d,1,FUN_.image__000c627d,0,0,ok
.image::000c62b9,1,FUN_.image__000c62b9,0,0,ok
.image::000c63e1,1,FUN_.image__000c63e1,0,0,ok
